{"0": [[283.255037093059, -4.799372565177174], [273.8986859104598, -5.339743382029754], [282.71132074481005, 4.520051459650399], [273.365854030394, 3.980310341008519]], "1": [[273.91443058814536, -5.3388453297834735], [264.54895599779513, -5.861575443831627], [273.3815684113455, 3.981206658677936], [264.041083374701, 3.4598731578811264]], "2": [[284.0590141036412, -13.992009298961937], [274.4488386750344, -14.674683355167904], [283.2472463105001, -4.691123337602895], [273.89956910370097, -5.355096510124787]], "3": [[274.4650420354575, -14.673759049529647], [264.8144571089749, -15.084605278375145], [273.91531417496145, -5.35419843535429], [264.54445054379516, -5.753140729197076]], "4": [[290.1704555706611, -22.63632502384636], [280.0790882615653, -23.687859407303897], [288.83137749063434, -13.388087696396797], [279.2691231881073, -14.383968856859076]], "5": [[280.0961736566173, -23.68653316754856], [269.89512876600736, -24.201834164982557], [279.2852816274546, -14.382715045845288], [269.64969119483237, -14.869445049951924]], "6": [[291.9690481004117, -31.723811951778803], [281.01590082773583, -33.002222033509284], [290.1524480965925, -22.529078685962528], [280.0805058289564, -23.70318284456755]], "7": [[281.03454396410257, -33.000773877943665], [269.8826040671361, -33.42856117960827], [280.09759321504634, -23.70185644914692], [269.8936698958167, -24.093314849761505]], "8": [[309.7018678844846, -18.613551439619968], [300.0676854615436, -20.835977937677225], [307.2639903089751, -9.58188626718277], [298.0145063876432, -11.710540064896689]], "9": [[300.0840883203476, -20.832581464034988], [290.21964259087156, -22.625982701668924], [298.0301966418124, -11.70729822031429], [288.62632104190004, -13.414109185282467]], "10": [[312.64525866062274, -27.435003591201763], [302.39164448436463, -29.948790968357926], [309.67081255292646, -18.50909263444461], [300.0712442286349, -20.850992395477988]], "11": [[302.4092658735293, -29.94512745358643], [291.7366082442432, -31.753955172822103], [300.0876486435734, -20.84759558297583], [290.20159058155883, -22.51874234242492]], "12": [[275.4510440022048, -5.861575443831627], [266.08556941185464, -5.3388453297834735], [275.958916625299, 3.4598731578811264], [266.61843158865446, 3.981206658677936]], "13": [[266.1013140895402, -5.339743382029754], [256.74496290694094, -4.799372565177174], [266.6341459696059, 3.980310341008519], [257.2886792551899, 4.520051459650399]], "14": [[275.1855428910251, -15.084605278375145], [265.5349579645425, -14.673759049529647], [275.4555494562048, -5.753140729197076], [266.08468582503855, -5.35419843535429]], "15": [[265.5511613249656, -14.674683355167904], [255.94098589635882, -13.992009298961937], [266.10043089629903, -5.355096510124787], [256.75275368949985, -4.691123337602895]], "16": [[270.10487123399264, -24.201834164982557], [259.9038263433827, -23.686533167548557], [270.35030880516763, -14.869445049951924], [260.7147183725454, -14.382715045845288]], "17": [[259.9209117384347, -23.687859407303897], [249.8295444293389, -22.63632502384636], [260.7308768118927, -14.383968856859074], [251.16862250936563, -13.388087696396797]], "18": [[270.1173959328638, -33.42856117960827], [258.96545603589743, -33.00077387794366], [270.10633010418326, -24.093314849761505], [259.90240678495366, -23.701856449146916]], "19": [[258.98409917226417, -33.002222033509284], [248.03095189958827, -31.7238119517788], [259.9194941710436, -23.703182844567547], [249.84755190340752, -22.529078685962528]], "20": [[249.78035740912844, -22.62598270166892], [239.91591167965237, -20.832581464034998], [251.37367895809993, -13.414109185282465], [241.96980335818756, -11.707298220314293]], "21": [[239.9323145384564, -20.835977937677225], [230.29813211551533, -18.613551439619975], [241.98549361235675, -11.71054006489669], [232.73600969102483, -9.581886267182771]], "22": [[248.26339175575677, -31.753955172822103], [237.5907341264707, -29.94512745358643], [249.7984094184411, -22.51874234242492], [239.91235135642657, -20.84759558297584]], "23": [[237.6083555156353, -29.94879096835794], [227.35474133937723, -27.435003591201767], [239.92875577136505, -20.850992395477988], [230.3291874470735, -18.50909263444461]], "24": [[304.64123691942336, -57.48067812988179], [287.42350128940745, -60.48752113956388], [298.5219547723792, -48.88594819809569], [284.43932978046735, -51.30091860843049]], "25": [[287.4547252768446, -60.484366803368545], [268.3001722062018, -61.07919938638036], [284.46412677574176, -51.298433269868404], [269.4495827078254, -51.76519793423379]], "26": [[314.74557188341794, -65.36943716369153], [292.7820247613933, -69.56936356011049], [304.55183244293363, -57.3834043008688], [287.4297680839454, -60.502586641583925]], "27": [[292.82515760319427, -69.56491242329521], [265.49829099075237, -70.23585633940786], [287.461005970927, -60.49943083956015], [268.3202434068296, -60.97110776085167]], "28": [[294.6224730273574, -40.20170559196551], [282.4607022417517, -42.036464030638044], [291.8275540943652, -31.14517642841], [280.9878785048744, -32.774317431938336]], "29": [[282.4816545425259, -42.03437034446896], [269.8672391003418, -42.65498204852457], [281.00642332978015, -32.772467977986146], [269.88336605573056, -33.319695489055476]], "30": [[298.5869670222045, -48.98960929373255], [284.4439038623746, -51.288530586681915], [294.5841582799134, -40.0972034800861], [282.4634612335816, -42.051705345001984]], "31": [[284.46869382694433, -51.286044176754906], [269.4489125463077, -51.87744706983826], [282.4844184699158, -42.049611156564545], [269.86940519542736, -42.54646565348156]], "32": [[316.23153878497277, -33.040392668608604], [305.92224387984174, -37.045516570645866], [311.43823090406084, -24.698428530469542], [301.8368071329469, -28.363332989242917]], "33": [[305.94038671764457, -37.039446837674554], [294.6804056613029, -40.183944495722805], [301.85351800353186, -28.35782740314768], [291.5994797866988, -31.188503485168653]], "34": [[322.21860590865595, -40.937753558197244], [311.0679149959474, -45.56537605083083], [316.169503777488, -32.94515145146639], [305.92969148890757, -37.05969974738253]], "35": [[311.0880467701831, -45.5584562630068], [298.29597426238126, -49.047433369238014], [305.94783712145613, -37.05362888005361], [294.6420084967248, -40.079463200805876]], "36": [[271.69982779379814, -61.07919938638036], [252.5452747231554, -60.484366803368545], [270.55041729217453, -51.76519793423379], [255.53587322425818, -51.298433269868404]], "37": [[252.57649871059255, -60.48752113956388], [235.35876308057658, -57.48067812988179], [255.56067021953265, -51.30091860843049], [241.47804522762078, -48.88594819809567]], "38": [[274.50170900924763, -70.23585633940786], [247.1748423968057, -69.56491242329521], [271.6797565931704, -60.97110776085167], [252.53899402907297, -60.49943083956015]], "39": [[247.21797523860664, -69.56936356011049], [225.25442811658206, -65.36943716369153], [252.57023191605458, -60.502586641583925], [235.44816755706637, -57.38340430086881]], "40": [[270.13276089965814, -42.65498204852457], [257.518345457474, -42.03437034446896], [270.11663394426944, -33.319695489055476], [258.99357667021985, -32.772467977986146]], "41": [[257.5392977582483, -42.036464030638044], [245.37752697264256, -40.20170559196551], [259.0121214951256, -32.77431743193832], [248.17244590563476, -31.145176428409997]], "42": [[270.5510874536922, -51.87744706983826], [255.53130617305567, -51.286044176754906], [270.1305948045726, -42.54646565348156], [257.5155815300842, -42.049611156564545]], "43": [[255.5560961376254, -51.28853058668191], [241.41303297779552, -48.98960929373254], [257.5365387664184, -42.05170534500198], [245.41584172008658, -40.0972034800861]], "44": [[245.31959433869707, -40.1839444957228], [234.05961328235543, -37.039446837674554], [248.4005202133012, -31.188503485168653], [238.14648199646808, -28.357827403147688]],