{"0": [[99.34023497838457, -43.43743203929658], [86.51502629615416, -45.2191457962077], [96.41400496262038, -34.38236258757479], [85.14854706154253, -35.941370695694644]], "1": [[86.53715863010952, -45.21727488821905], [73.2343788756904, -45.62417046546426], [85.16783678887354, -35.93974292811725], [73.61310719009765, -36.293283840401934]], "2": [[103.6227316135, -52.20909103135073], [88.42260897225945, -54.48945538208224], [99.29957596448449, -43.333004874546745], [86.51762529720473, -45.2344147559091]], "3": [[88.44935732839754, -54.48718656673085], [72.28565618382355, -54.83113232161166], [86.5397634910024, -45.232543345329205], [73.2415171149787, -45.51575825088294]], "4": [[118.39874537781094, -58.399482396795314], [101.33496690768968, -62.53692762399922], [110.43433145609796, -50.284058927418634], [96.24044110358155, -53.59170329290713]], "5": [[101.36716203667919, -62.531822182756365], [80.78020905360353, -64.20170487016556], [96.26603685874028, -53.58773621112272], [80.41163057808106, -54.86828889521305]], "6": [[131.07700297376618, -65.48521115553453], [110.73968675344786, -71.15275951071591], [118.28370358643488, -58.30928753180785], [101.34580654244722, -62.55147117941084]], "7": [[110.7827328112574, -71.145471772887], [80.65648286377471, -73.42833496702586], [101.37801553962389, -62.54636324389233], [80.77783235186097, -64.0931823387418]], "8": [[140.72630562761466, -45.49485693984665], [131.1399410867304, -52.40920719226094], [131.38619452000648, -39.19352248670126], [121.85731661352581, -45.32789005675508]], "9": [[131.15834125400067, -52.398228315538454], [118.46885795975503, -58.37089430429732], [121.87506925980806, -45.31836357996156], [110.15182466831538, -50.373173516491555]], "10": [[152.263668958846, -50.58651208349449], [143.6993835730492, -58.509562621583974], [140.6051123812607, -45.42738354898942], [131.1575698421795, -52.42020167981059]], "11": [[143.7167358273407, -58.49674201317044], [130.72936105210567, -65.62409757895496], [131.17597020686514, -52.4092200665123], [118.35371863089395, -58.28076573858875]], "12": [[88.7656211243096, -45.62417046546426], [75.4628413698905, -45.21727488821905], [88.38689280990238, -36.293283840401934], [76.83216321112647, -35.93974292811725]], "13": [[75.48497370384585, -45.2191457962077], [62.65976502161544, -43.4374320392966], [76.8514529384575, -35.941370695694644], [65.58599503737963, -34.38236258757479]], "14": [[89.71434381617647, -54.83113232161166], [73.55064267160247, -54.48718656673085], [88.7584828850213, -45.51575825088294], [75.46023650899761, -45.2325433453292]], "15": [[73.57739102774055, -54.48945538208226], [58.37726838650002, -52.20909103135074], [75.4823747027953, -45.2344147559091], [62.70042403551552, -43.333004874546745]], "16": [[81.2197909463965, -64.20170487016556], [60.63283796332084, -62.531822182756365], [81.58836942191896, -54.86828889521305], [65.73396314125974, -53.58773621112272]], "17": [[60.66503309231034, -62.53692762399922], [43.601254622189074, -58.399482396795314], [65.75955889641845, -53.59170329290713], [51.565668543902056, -50.284058927418634]], "18": [[81.3435171362253, -73.42833496702586], [51.21726718874262, -71.145471772887], [81.22216764813905, -64.09318233874181], [60.62198446037612, -62.54636324389233]], "19": [[51.26031324655215, -71.15275951071591], [30.922997026233855, -65.48521115553453], [60.654193457552815, -62.55147117941084], [43.71629641356513, -58.30928753180785]], "20": [[43.531142040245, -58.37089430429732], [30.84165874599935, -52.398228315538454], [51.84817533168464, -50.373173516491555], [40.124930740191964, -45.31836357996156]], "21": [[30.860058913269604, -52.40920719226094], [21.273694372385332, -45.49485693984665], [40.1426833864742, -45.32789005675508], [30.613805479993523, -39.193522486701276]], "22": [[31.270638947894337, -65.62409757895497], [18.28326417265932, -58.49674201317044], [43.64628136910606, -58.28076573858875], [30.824029793134862, -52.409220066512304]], "23": [[18.300616426950807, -58.509562621583974], [9.736331041153997, -50.58651208349449], [30.842430157820516, -52.42020167981059], [21.394887618739293, -45.42738354898942]], "24": [[204.62168450298262, -68.47099054562837], [224.49934248296938, -75.64221046718916], [178.56371234148105, -71.53424222271416], [184.64002094430302, -80.76821836534604]], "25": [[224.45040027856072, -75.63225236044275], [265.26559969257215, -78.88008919567228], [184.6204610119273, -80.75283345464537], [271.9165455056392, -88.20098275091695]], "26": [[221.62961137886498, -62.45061632503386], [240.19845630456598, -67.62791973461805], [204.36941735374927, -68.52782157760629], [224.53862036555242, -75.63031294914427]], "27": [[240.16089478390074, -67.62143067240132], [265.37781923251424, -69.6533576489879], [224.48969117246753, -75.62036290832508], [265.2708055811603, -78.98861263856071]], "28": [[150.8161133097744, -70.18170787651883], [133.01451409512762, -78.26835739642766], [130.04695588991368, -65.08036055524286], [110.40743149873525, -70.9506340503343]], "29": [[133.06341382634525, -78.25620836131309], [80.23630373604325, -82.65441331375872], [110.44957136610117, -70.9430630958536], [80.66045253465425, -73.31947334190757]], "30": [[178.9138781826637, -71.51818422594215], [184.5621312142655, -80.76588145908921], [150.5202307282571, -70.14053581155476], [133.07306110235535, -78.27809908935087]], "31": [[184.54270398885538, -80.75049241450215], [271.2660241565246, -88.09072203730305], [133.121941048765, -78.26594010937724], [80.25834818933858, -82.54592234732291]], "32": [[162.19698284274014, -52.22392677272797], [158.02504984721864, -61.279507290469105], [148.16674512950195, -49.27779957878535], [141.0635519587201, -57.61252418827096]], "33": [[158.0338135166691, -61.26438083335385], [150.85473283867327, -70.13586031038182], [141.07829436042334, -57.59895316216017], [129.7224073757262, -65.22653022865124]], "34": [[177.36935710945772, -53.075726757451925], [177.77576746662976, -62.408499024778855], [162.02382226135708, -52.201109610249404], [158.05588255827763, -61.283630212769864]], "35": [[177.77465194381713, -62.39280552243556], [178.9466233666119, -71.7173220071391], [158.06463252735776, -61.26850176998327], [150.55942649739637, -70.09475549613236]], "36": [[256.7344003074278, -78.88008919567228], [297.5495997214393, -75.63225236044275], [250.0834544943607, -88.20098275091695], [337.3795389880727, -80.75283345464537]], "37": [[297.5006575170306, -75.64221046718916], [317.37831549701735, -68.47099054562837], [337.35997905569695, -80.76821836534604], [343.43628765851895, -71.53424222271416]], "38": [[256.62218076748576, -69.6533576489879], [281.83910521609926, -67.62143067240132], [256.72919441883965, -78.98861263856071], [297.51030882753247, -75.62036290832508]], "39": [[281.801543695434, -67.62791973461805], [300.370388621135, -62.45061632503386], [297.46137963444755, -75.63031294914427], [317.6305826462507, -68.52782157760629]], "40": [[81.76369626395679, -82.65441331375872], [28.936586173654767, -78.25620836131309], [81.33954746534577, -73.31947334190757], [51.55042863389885, -70.9430630958536]], "41": [[28.985485904872387, -78.26835739642766], [11.183886690225611, -70.18170787651883], [51.59256850126476, -70.9506340503343], [31.95304411008633, -65.08036055524286]], "42": [[250.73397584347526, -88.09072203730305], [337.4572960111446, -80.75049241450215], [81.74165181066145, -82.54592234732291], [28.878058951235037, -78.26594010937724]], "43": [[337.43786878573445, -80.76588145908921], [343.08612181733633, -71.51818422594215], [28.92693889764468, -78.27809908935087], [11.479769271742922, -70.14053581155476]], "44": [[11.14526716132674, -70.13586031038182], [3.966186483330876, -61.26438083335385], [32.27759262427384, -65.22653022865126], [20.921705639576672, -57.59895316216017]], "45": [[3.9749501527813647, -61.279507290469105], [359.8030171572599, -52.22392677272797], [20.93644804127991, -57.61252418827096], [13.833254870498099, -49.27779957878535]],