{"0": [[31.340234978384558, -43.43743203929658], [18.51502629615415, -45.21914579620768], [28.41400496262037, -34.38236258757478], [17.148547061542516, -35.941370695694644]], "1": [[18.53715863010951, -45.217274888219045], [5.2343788756904, -45.624170465464246], [17.16783678887353, -35.93974292811725], [5.613107190097641, -36.29328384040192]], "2": [[35.62273161349999, -52.20909103135073], [20.422608972259454, -54.48945538208224], [31.29957596448449, -43.333004874546745], [18.517625297204717, -45.23441475590909]], "3": [[20.449357328397525, -54.48718656673084], [4.2856561838235425, -54.831132321611655], [18.539763491002404, -45.2325433453292], [5.241517114978712, -45.515758250882925]], "4": [[50.39874537781093, -58.399482396795314], [33.33496690768966, -62.53692762399922], [42.43433145609794, -50.28405892741863], [28.240441103581535, -53.59170329290713]], "5": [[33.36716203667916, -62.531822182756365], [12.780209053603517, -64.20170487016556], [28.266036858740264, -53.58773621112271], [12.411630578081043, -54.86828889521304]], "6": [[63.077002973766135, -65.48521115553453], [42.739686753447835, -71.15275951071588], [50.28370358643486, -58.309287531807826], [33.3458065424472, -62.55147117941084]], "7": [[42.78273281125738, -71.14547177288696], [12.656482863774698, -73.42833496702586], [33.37801553962388, -62.546363243892316], [12.777832351860958, -64.0931823387418]], "8": [[72.72630562761466, -45.49485693984665], [63.13994108673039, -52.40920719226092], [63.38619452000647, -39.19352248670126], [53.85731661352581, -45.32789005675508]], "9": [[63.15834125400065, -52.39822831553845], [50.468857959755, -58.37089430429731], [53.875069259808036, -45.31836357996156], [42.15182466831537, -50.373173516491555]], "10": [[84.26366895884598, -50.58651208349449], [75.69938357304919, -58.509562621583974], [72.60511238126071, -45.42738354898941], [63.15756984217947, -52.420201679810575]], "11": [[75.71673582734067, -58.49674201317044], [62.729361052105666, -65.62409757895496], [63.175970206865145, -52.40922006651228], [50.35371863089392, -58.28076573858875]], "12": [[20.765621124309607, -45.624170465464246], [7.462841369890491, -45.217274888219045], [20.38689280990236, -36.29328384040192], [8.832163211126469, -35.93974292811725]], "13": [[7.484973703845852, -45.21914579620767], [354.65976502161544, -43.43743203929658], [8.85145293845749, -35.941370695694644], [357.58599503737963, -34.38236258757478]], "14": [[21.71434381617646, -54.831132321611655], [5.550642671602476, -54.48718656673084], [20.75848288502129, -45.51575825088292], [7.460236508997599, -45.2325433453292]], "15": [[5.577391027740547, -54.48945538208224], [350.3772683865, -52.20909103135073], [7.4823747027952825, -45.23441475590909], [354.70042403551554, -43.333004874546745]], "16": [[13.219790946396483, -64.20170487016556], [352.6328379633208, -62.531822182756365], [13.588369421918959, -54.86828889521304], [357.7339631412597, -53.58773621112271]], "17": [[352.66503309231035, -62.53692762399922], [335.60125462218906, -58.399482396795314], [357.75955889641847, -53.59170329290713], [343.56566854390206, -50.28405892741863]], "18": [[13.343517136225302, -73.42833496702586], [343.2172671887426, -71.14547177288696], [13.222167648139049, -64.09318233874181], [352.6219844603761, -62.546363243892316]], "19": [[343.2603132465522, -71.15275951071588], [322.9229970262339, -65.48521115553453], [352.6541934575528, -62.55147117941084], [335.71629641356515, -58.309287531807826]], "20": [[335.531142040245, -58.37089430429731], [322.8416587459993, -52.39822831553845], [343.8481753316846, -50.37317351649155], [332.124930740192, -45.31836357996156]], "21": [[322.8600589132696, -52.40920719226092], [313.27369437238536, -45.49485693984665], [332.14268338647423, -45.32789005675508], [322.6138054799935, -39.19352248670126]], "22": [[323.2706389478943, -65.62409757895496], [310.2832641726593, -58.49674201317044], [335.6462813691061, -58.28076573858875], [322.82402979313486, -52.40922006651228]], "23": [[310.3006164269508, -58.509562621583974], [301.736331041154, -50.58651208349449], [322.8424301578205, -52.420201679810575], [313.3948876187393, -45.42738354898941]], "24": [[136.62168450298262, -68.47099054562838], [156.49934248296938, -75.64221046718916], [110.56371234148104, -71.53424222271416], [116.640020944303, -80.76821836534604]], "25": [[156.45040027856075, -75.63225236044278], [197.26559969257215, -78.88008919567228], [116.6204610119273, -80.75283345464537], [203.91654550563928, -88.20098275091695]], "26": [[153.62961137886498, -62.45061632503389], [172.19845630456598, -67.62791973461805], [136.3694173537493, -68.52782157760629], [156.53862036555245, -75.63031294914427]], "27": [[172.16089478390072, -67.62143067240132], [197.37781923251424, -69.6533576489879], [156.48969117246756, -75.62036290832508], [197.27080558116032, -78.98861263856071]], "28": [[82.81611330977438, -70.18170787651886], [65.01451409512758, -78.26835739642766], [62.046955889913654, -65.08036055524286], [42.40743149873525, -70.9506340503343]], "29": [[65.06341382634521, -78.25620836131309], [12.236303736043219, -82.65441331375862], [42.449571366101154, -70.94306309585356], [12.660452534654244, -73.31947334190757]], "30": [[110.91387818266367, -71.51818422594215], [116.5621312142655, -80.76588145908914], [82.52023072825706, -70.14053581155476], [65.07306110235531, -78.27809908935087]], "31": [[116.54270398885538, -80.75049241450208], [203.2660241565247, -88.09072203730305], [65.12194104876494, -78.2659401093772], [12.258348189338568, -82.54592234732303]], "32": [[94.19698284274013, -52.22392677272797], [90.02504984721863, -61.279507290469105], [80.1667451295019, -49.27779957878535], [73.06355195872007, -57.61252418827096]], "33": [[90.03381351666911, -61.264380833353854], [82.85473283867324, -70.13586031038179], [73.07829436042331, -57.59895316216017], [61.72240737572617, -65.22653022865124]], "34": [[109.36935710945772, -53.07572675745194], [109.77576746662976, -62.40849902477887], [94.02382226135707, -52.201109610249404], [90.05588255827762, -61.28363021276988]], "35": [[109.77465194381713, -62.392805522435545], [110.9466233666119, -71.7173220071391], [90.06463252735774, -61.26850176998324], [82.55942649739636, -70.09475549613236]], "36": [[188.73440030742782, -78.88008919567228], [229.54959972143928, -75.63225236044278], [182.08345449436075, -88.20098275091695], [269.37953898807274, -80.75283345464537]], "37": [[229.50065751703062, -75.64221046718916], [249.37831549701735, -68.47099054562838], [269.35997905569695, -80.76821836534604], [275.43628765851895, -71.53424222271416]], "38": [[188.62218076748576, -69.6533576489879], [213.83910521609928, -67.62143067240132], [188.72919441883965, -78.98861263856071], [229.51030882753244, -75.62036290832508]], "39": [[213.80154369543402, -67.62791973461805], [232.37038862113502, -62.45061632503386], [229.46137963444755, -75.63031294914427], [249.63058264625073, -68.52782157760629]], "40": [[13.763696263956774, -82.65441331375862], [320.9365861736548, -78.25620836131309], [13.339547465345756, -73.31947334190757], [343.55042863389883, -70.94306309585356]], "41": [[320.9854859048724, -78.26835739642766], [303.1838866902256, -70.18170787651886], [343.59256850126474, -70.9506340503343], [323.95304411008635, -65.08036055524286]], "42": [[182.73397584347532, -88.09072203730305], [269.45729601114465, -80.75049241450208], [13.741651810661432, -82.54592234732303], [320.87805895123506, -78.2659401093772]], "43": [[269.4378687857345, -80.76588145908914], [275.08612181733633, -71.51818422594215], [320.9269388976447, -78.27809908935087], [303.47976927174295, -70.14053581155476]], "44": [[303.1452671613268, -70.13586031038179], [295.9661864833309, -61.26438083335385], [324.27759262427384, -65.22653022865124], [312.92170563957666, -57.59895316216017]], "45": [[295.9749501527814, -61.2795072904691], [291.8030171572599, -52.22392677272797], [312.9364480412799, -57.61252418827096], [305.8332548704981, -49.27779957878534]],